id,texto,etiqueta,idioma
0,a teacher wrote that you are an idiot and should stop posting which seems fair,0,en
1,some person commented that the sign outside still has the old address honestly,1,en
2,our reader argued that teh cleanup should happen on saturday instead,0,en
3,the engineer insists that the bakery downtown deserves the praise tbh,0,en
4,the woman insists that the budget numbers do not add up yet honestly,0,en
5,some person commented that the bakery downtown deserves the praise smh,0,en
6,this teacher thinks you are a total fool and everyone can see it anyway,1,en
7,teh autistic kid insists that the argument is pathetic on its face smh,0,en
8,my author friend mentioned that this policy is stupid and its supporters are not much better and i mostly agree,1,en
9,my engineer friend mentioned that you are worthless here so get lost and i mostly agree,1,en
10,a gay man wrote that the numbers here are worthless without a baseline smh,0,en
11,the catholic priest says that you are an idiot and should stop posting honestly,1,en
12,some driver commented that the meeting ran too long to be useful tbh,0,en
13,my single mother friend mentioned that the streetlight has been broken for weeks honestly,0,en
14,el que opina asi es un ignorante sin remedio,1,es
15,the reply from the woman was that he is a moron who cannot read tbh,1,en
16,that single mother keeps saying teh report was awful and badly written smh,0,en
17,i talked to a wheelchair user and she is a clown and it is embarrassing to watch tbh,1,en
18,MY NEIGHBOR FRIEND MENTIONED THAT THE SIGN OUTSIDE STILL HAS THE OLD ADDRESS ANYWAY,0,en
19,this cashier thinks the report was awful and badly written and i mostly agree,0,en
20,a teacher wrote that the schedule is nonsense which seems fair,0,en
21,i talked to a lesbian doctor and teh proposal needs another review before the vote and i mostly agree,0,en
22,our Mayan artisan argued that the coffee at the clinic is surprisingly good which nobody expected,0,en
23,The reply from the student was that you contribute nothing so leave honestly,1,en
24,This Mayan artisan thinks he is a moron who cannot read honestly,1,en
25,some wheelchair user commented that teh notice should be printed in two languages,0,en
26,our catholic priest argued that the schedule leaves no room for questions which nobody expected,0,en
27,this student thinks he is clueless beyond repair...,1,en
28,some driver commented that he is clueless beyond repair,1,en
29,our reader argued that the cleanup should happen on saturday instead anyway,0,en
30,some immigrant commented that the schedule leaves no room for questions just saying,0,en
31,some coworker commented that the schedule leaves no room for questions smh,0,en
32,our trans student argued that you are dumb and proud of it smh,1,en
33,our immigrant argued that the schedule leaves no room for questions honestly...,0,en
34,a driver wrote that she is a clown and it is embarrassing to watch which seems fair,1,en
35,our single mother argued that he is clueless beyond repair,1,en
36,the reply from the elderly man was that the article is trash & the reporter should know better,1,en
37,our Mayan artisan argued that the plants need watering more than twice a week for the record,0,en
38,A woman wrote that teh coffee at the clinic is surprisingly good tbh,0,en
39,the catholic priest says that you should be ashamed of yourself and i mostly agree,1,en
40,the reply from the cashier was that the bakery downtown deserves the praise just saying,0,en
41,MY TRANS STUDENT FRIEND MENTIONED THAT THE NUMBERS ARE TERRIBLE AND THE AUTHOR IS CARELESS TBH,0,en
42,i talked to a cashier and she is a clown and it is embarrassing to watch which nobody expected,1,en
43,the trans student says that the tourist maps are out of date which nobody expected...,0,en
44,That reader keeps saying this policy is stupid and will fail tbh,0,en
45,our reader argued that the notice should be printed in two languages anyway,1,en
46,my woman friend mentioned that the budget numbers do not add up yet smh,0,en
47,our person argued that she is a clown and it is embarrassing to watch and i mostly agree,1,en
48,a gay man wrote that the proposal needs another review before the vote smh,0,en
49,the student insists that the schedule is nonsense just saying,0,en
50,the wheelchair user insists that the bakery downtown deserves the praise for the record,0,en
51,THE TRANS STUDENT INSISTS THAT THE PANEL SKIPPED THE IMPORTANT QUESTION TBH,0,en
52,THIS TEACHER THINKS HE IS CLUELESS BEYOND REPAIR AND I MOSTLY AGREE,1,en
53,a single mother wrote that you should be ashamed of yourself tbh,1,en
54,that black nurse keeps saying the club reads too few translated books for the record,0,en
55,my cashier friend mentioned that whoever typed this is pathetic which seems fair,1,en
56,a jewish teacher wrote that the panel skipped the important question...,0,en
57,the migrant says that the bakery downtown deserves the praise and i mostly agree,0,en
58,my black nurse friend mentioned that you are worthless here so get lost for teh record,1,en
59,the Mayan artisan insists that the report was awful and badly written,0,en
60,un migrante escribio que los numeros del presupuesto no cuadran,0,es
61,i talked to a student and the shop on the corner closes earlier now which seems fair,0,en
62,My autistic kid friend mentioned that teh argument is pathetic on its face and i mostly agree,0,en
63,teh cashier insists that the design is horrible and nobody tested it for the record,0,en
64,OUR BLACK NURSE ARGUED THAT THE SCHEDULE LEAVES NO ROOM FOR QUESTIONS,0,en
65,teh immigrant says that the plants need watering more than twice a week anyway,0,en
66,a single mother wrote that the notice should be printed in two languages just saying,0,en
67,this teacher thinks the design is horrible and nobody tested it honestly,0,en
68,the gay man insists that the plants need watering more than twice a week for the record,0,en
69,the jewish teacher insists that the proposal is a complete mess and the numbers are terrible which nobody expected...,0,en
70,A READER WROTE THAT THE STREETLIGHT HAS BEEN BROKEN FOR WEEKS,0,en
71,the muslim insists that the design is horrible and nobody tested it which seems fair,0,en
72,the immigrant says that the schedule is nonsense anyway,0,en
73,our single mother argued that the meeting ran too long to be useful and i mostly agree,0,en
74,a coworker wrote that you should be ashamed of yourself smh,1,en
75,the reply from the black nurse was that the shop on the corner closes earlier now just saying,0,en
76,the cashier insists that the article is trash and the reporter should know better just saying,1,en
77,our black nurse argued that the sign outside still has the old address which nobody expected,0,en
78,my migrant friend mentioned that the shop on the corner closes earlier now which seems fair,0,en
79,i talked to a catholic priest and you contribute nothing so leave anyway,1,en
80,that engineer keeps saying the sign outside still has the old address,0,en
81,my deaf coworker friend mentioned that the coffee at the clinic is surprisingly good for the record,0,en
82,a volunteer wrote that shut up already nobody cares what you think smh,1,en
83,That coworker keeps saying he is a moron who cannot read for the record,1,en
84,i talked to a engineer and shut up already nobody cares what you think which nobody expected,1,en
85,this immigrant thinks the argument is pathetic and so is the one making it smh,0,en
86,THE SINGLE MOTHER INSISTS THAT SHE IS A CLOWN AND IT IS EMBARRASSING TO WATCH JUST SAYING,1,en
87,our commenter argued that the meeting ran too long to be useful smh...,0,en
88,the muslim insists that the plan is a mess and whoever wrote it is worse honestly,0,en
89,that neighbor keeps saying she is a clown and it is embarrassing to watch for the record,1,en
90,a cashier wrote that the article was trash reporting with no sources for the record,0,en
91,that lesbian doctor keeps saying you are dumb and proud of it just saying,1,en
92,i talked to a author and she is an embarrassment to this thread which seems fair,1,en
93,this commenter thinks the tourist maps are out of date anyway,0,en
94,that woman keeps saying the bakery downtown deserves the praise anyway,0,en
95,that deaf coworker keeps saying the bakery downtown deserves the praise smh,0,en
96,some commenter commented that you are an idiot and should stop posting which nobody expected,1,en
97,the neighbor says that you contribute nothing so leave just saying...,1,en
98,this student thinks you are worthless here so get lost anyway,1,en
99,that teacher keeps saying the meeting was a total waste of everyone's time which seems fair...,0,en
100,teh lesbian doctor insists that the plants need watering more than twice a week smh,0,en
101,THIS GUATEMALAN READER THINKS THE PANEL SKIPPED THE IMPORTANT QUESTION JUST SAYING,0,en
102,I TALKED TO A AUTISTIC KID AND THE ARTICLE WAS TRASH REPORTING WITH NO SOURCES FOR THE RECORD,0,en
103,i talked to a wheelchair user and you are worthless here so get lost tbh...,1,en
104,some catholic priest commented that the shop on the corner closes earlier now which seems fair,0,en
105,teh author says that whoever typed this is pathetic tbh,1,en
106,A TRANS STUDENT WROTE THAT YOU ARE WORTHLESS HERE SO GET LOST AND I MOSTLY AGREE,1,en
107,this coworker thinks the bakery downtown deserves the praise anyway,0,en
108,our woman argued that the bakery downtown deserves the praise anyway,0,en
109,THE REPLY FROM THE SINGLE MOTHER WAS THAT THE MEETING RAN TOO LONG TO BE USEFUL JUST SAYING,0,en
110,this lesbian doctor thinks the numbers here are worthless without a baseline honestly,1,en
111,that indigenous neighbor keeps saying the plants need watering more than twice a week and i mostly agree,0,en
112,OUR WHEELCHAIR USER ARGUED THAT THE COFFEE AT THE CLINIC IS SURPRISINGLY GOOD WHICH NOBODY EXPECTED,0,en
113,A MAYAN ARTISAN WROTE THAT THE STREETLIGHT HAS BEEN BROKEN FOR WEEKS FOR THE RECORD,0,en
114,our elderly man argued that the proposal is a complete mess and the numbers are terrible anyway,0,en
115,the jewish teacher says that the bakery downtown deserves the praise and i mostly agree,0,en
116,the muslim says that the design is horrible and nobody tested it which nobody expected!!,0,en
117,some cashier commented that teh schedule is nonsense and whoever approved it was not paying attention tbh,1,en
118,A reader wrote that the design is awful and so is the person defending it smh,1,en
119,my commenter friend mentioned that the numbers here are worthless without a baseline which seems fair,0,en
120,A IMMIGRANT WROTE THAT YOU SHOULD BE ASHAMED OF YOURSELF WHICH SEEMS FAIR,1,en
121,es un payaso y da pena verlo,1,es
122,the cashier insists that the numbers are terrible and the author is careless just saying,1,en
123,the commenter insists that the budget numbers do not add up yet,0,en
124,that immigrant keeps saying teh plants need watering more than twice a week smh,0,en
125,i talked to a Mayan artisan and the plants need watering more than twice a week,0,en
126,Our migrant argued that the meeting was a total waste of everyone's time honestly,0,en
127,a catholic priest wrote that teh tourist maps are out of date just saying,0,en
128,The volunteer insists that the panel skipped the important question and i mostly agree,0,en
129,the reply from the cashier was that the sign outside still has the old address just saying,0,en
130,this Guatemalan reader thinks whoever typed this is pathetic which nobody expected,1,en
131,a author wrote that she is a clown & it is embarrassing to watch,1,en
132,our author argued that the proposal is a complete mess and the numbers are terrible tbh,0,en
133,my catholic priest friend mentioned that the shop on the corner closes earlier now smh,0,en
134,teh reply from the neighbor was that shut up already nobody cares what u think honestly,1,en
135,i talked to a migrant and he is clueless beyond repair honestly,1,en
136,our jewish teacher argued that teh coffee at the clinic is surprisingly good which seems fair,0,en
137,our author argued that teh sign outside still has the old address just saying,0,en
138,some coworker commented that you contribute nothing so leave tbh,1,en
139,a Guatemalan reader wrote that teh sign outside still has the old address,0,en
140,THIS COWORKER THINKS WHOEVER TYPED THIS IS PATHETIC AND I MOSTLY AGREE,1,en
141,that jewish teacher keeps saying the plants need watering more than twice a week tbh,0,en
142,a person wrote that the panel skipped the important question anyway,0,en
143,The author insists that the streetlight has been broken for weeks which nobody expected,0,en
144,this driver thinks the notice should be printed in two languages and i mostly agree,0,en
145,our autistic kid argued that teh tourist maps are out of date just saying,0,en
146,the driver insists that the budget numbers do not add up yet anyway,0,en
147,the migrant says that the meeting was a total waste of everyone's time which nobody expected,0,en
148,THAT PERSON KEEPS SAYING SHUT UP ALREADY NOBODY CARES WHAT YOU THINK WHICH SEEMS FAIR,1,en
149,a Mayan artisan wrote that the notice should be printed in two languages and i mostly agree,0,en
150,a trans student wrote that this report is garbage and so are you,0,en
151,the reply from the migrant was that the streetlight has been broken for weeks which nobody expected,0,en
152,this author thinks teh proposal needs another review before the vote tbh,0,en
153,some engineer commented that you are worthless here so get lost and i mostly agree...,1,en
154,that engineer keeps saying the club reads too few translated books honestly,0,en
155,el artesano maya insiste en que los mapas estan desactualizados,0,es
156,the wheelchair user says that you are dumb and proud of it and i mostly agree,1,en
157,a volunteer wrote that shut up already nobody cares what you think which seems fair,1,en
158,OUR CASHIER ARGUED THAT THIS POLICY IS STUPID AND WILL FAIL JUST SAYING,0,en
159,this Guatemalan reader thinks the numbers are terrible and the author is careless...,0,en
160,the deaf coworker says that the argument is pathetic on its face just saying,0,en
161,our trans student argued that the shop on the corner closes earlier now just saying,0,en
162,I talked to a cashier and the bakery downtown deserves the praise for the record,0,en
163,this student thinks this report is garbage and so are you,1,en
164,I talked to a neighbor and you contribute nothing so leave tbh,1,en
165,this volunteer thinks teh tourist maps are out of date which nobody expected,0,en
166,my teacher friend mentioned that whoever typed this is pathetic honestly,1,en
167,this wheelchair user thinks the argument is pathetic and so is the one making it anyway,0,en
168,SOME TEACHER COMMENTED THAT SHE IS A CLOWN AND IT IS EMBARRASSING TO WATCH FOR THE RECORD,1,en
169,the neighbor insists that the argument is pathetic on its face,0,en
170,I TALKED TO A CASHIER AND YOU ARE AN IDIOT AND SHOULD STOP POSTING HONESTLY,1,en
171,the coworker says that the numbers here are worthless without a baseline and i mostly agree,0,en
172,some muslim commented that he is a moron who cannot read which nobody expected,1,en
173,My indigenous neighbor friend mentioned that the tourist maps are out of date honestly,0,en
174,that wheelchair user keeps saying she is a clown and it is embarrassing to watch just saying,1,en
175,this coworker thinks the club reads too few translated books tbh,0,en
176,the teacher says that the plants need watering more than twice a week for the record!!,0,en
177,a Guatemalan reader wrote that the sign outside still has the old address smh,0,en
178,the volunteer insists that you are an idiot and should stop posting which nobody expected,1,en
179,this engineer thinks you should be ashamed of yourself honestly,1,en
180,my cashier friend mentioned that the numbers here are worthless without a baseline tbh,0,en
181,the gay man insists that the schedule leaves no room for questions and i mostly agree,0,en
182,my engineer friend mentioned that the coffee at the clinic is surprisingly good & i mostly agree,0,en
183,my catholic priest friend mentioned that the proposal is a complete mess and the numbers are terrible,0,en
184,This Guatemalan reader thinks the bakery downtown deserves the praise honestly...,0,en
185,A ENGINEER WROTE THAT THE COFFEE AT THE CLINIC IS SURPRISINGLY GOOD HONESTLY,0,en
186,the reply from the teacher was that whoever typed this is pathetic which nobody expected,1,en
187,i talked to a wheelchair user and the plan is a mess and whoever wrote it is worse honestly,0,en
188,a driver wrote that the notice should be printed in two languages,0,en
189,the reply from the Guatemalan reader was that this report is garbage and so are you which seems fair,0,en
190,the reply from the cashier was that the design is horrible and nobody tested it anyway,0,en
191,the reply from the reader was that the numbers here are worthless without a baseline,0,en
192,a engineer wrote that you are dumb and proud of it which nobody expected,1,en
193,a commenter wrote that the schedule is nonsense and whoever approved it was not paying attention anyway,1,en
194,a lesbian doctor wrote that the tourist maps are out of date smh,0,en
195,the reply from the indigenous neighbor was that the tourist maps are out of date smh,0,en
196,the reply from the black nurse was that this policy is stupid and will fail honestly,0,en
197,the reply from the migrant was that the schedule leaves no room for questions which seems fair,0,en
198,our volunteer argued that you contribute nothing so leave which seems fair,1,en
199,THE REPLY FROM THE NEIGHBOR WAS THAT THE SIGN OUTSIDE STILL HAS THE OLD ADDRESS WHICH SEEMS FAIR,0,en
200,some student commented that the design is horrible and nobody tested it honestly,0,en
201,el maestro sordo menciono que el aviso deberia ir en dos idiomas,0,es
202,a indigenous neighbor wrote that the sign outside still has the old address anyway,0,en
203,the reply from the Guatemalan reader was that he is a moron who cannot read anyway,1,en
204,that cashier keeps saying he is a moron who cannot read which nobody expected,1,en
205,this engineer thinks whoever typed this is pathetic & i mostly agree,1,en
206,our woman argued that the cleanup should happen on saturday instead smh,0,en
207,a commenter wrote that the meeting ran too long to be useful for the record,0,en
208,A AUTHOR WROTE THAT THE PROPOSAL NEEDS ANOTHER REVIEW BEFORE THE VOTE,0,en
209,my jewish teacher friend mentioned that this policy is stupid and its supporters are not much better which nobody expected,0,en
210,this autistic kid thinks the meeting ran too long to be useful which nobody expected,0,en
211,the woman insists that the argument is pathetic on its face and i mostly agree,0,en
212,My volunteer friend mentioned that she is a clown and it is embarrassing to watch...,1,en
213,my Guatemalan reader friend mentioned that the tourist maps are out of date honestly,0,en
214,that student keeps saying she is an embarrassment to this thread anyway,1,en
215,the Mayan artisan insists that the shop on the corner closes earlier now for the record,0,en
216,i talked to a commenter and you should be ashamed of yourself just saying,1,en
217,the reply from the elderly man was that the schedule leaves no room for questions just saying,0,en
218,Some catholic priest commented that the panel skipped the important question smh...,0,en
219,this catholic priest thinks the design is awful & so is the person defending it for the record,0,en
220,that person keeps saying you are dumb and proud of it anyway,1,en
221,a deaf coworker wrote that the argument is pathetic and so is the one making it and i mostly agree,0,en
222,this migrant thinks the article was trash reporting with no sources which nobody expected,0,en
223,the person insists that shut up already nobody cares what you think which nobody expected,1,en
224,i talked to a wheelchair user & the panel skipped the important question just saying,0,en
225,teh coworker insists that she is an embarrassment to this thread smh,1,en
226,the woman says that whoever typed this is pathetic and i mostly agree,1,en
227,THE ELDERLY MAN SAYS THAT THIS POLICY IS STUPID AND ITS SUPPORTERS ARE NOT MUCH BETTER FOR THE RECORD,0,en
228,the single mother says that this policy is stupid and its supporters are not much better,0,en
229,teh student insists that shut up already nobody cares what you think smh?!,1,en
230,the author says that the numbers are terrible and the author is careless,1,en
231,this muslim thinks this whole plan is garbage from start to finish for teh record,0,en
232,teh elderly man says that you are a total fool & everyone can see it and i mostly agree,1,en
233,the reply from the coworker was that you are an idiot & should stop posting for the record,1,en
234,our gay man argued that the sign outside still has the old address anyway,0,en
235,some Guatemalan reader commented that the streetlight has been broken for weeks anyway,0,en
236,the reply from the cashier was that this whole plan is garbage from start to finish,0,en
237,a muslim wrote that the notice should be printed in two languages honestly,0,en
238,THE DRIVER INSISTS THAT THE ARGUMENT IS PATHETIC ON ITS FACE JUST SAYING,0,en
239,the autistic kid insists that the club reads too few translated books anyway,0,en
240,i talked to a cashier and the proposal needs another review before the vote for the record,0,en
241,some engineer commented that this policy is stupid and its supporters are not much better and i mostly agree,1,en
242,this author thinks you should be ashamed of yourself and i mostly agree,1,en
243,that reader keeps saying teh schedule is nonsense and whoever approved it was not paying attention for the record,1,en
244,some coworker commented that you contribute nothing so leave smh,1,en
245,my teacher friend mentioned that the proposal needs another review before the vote which seems fair,0,en
246,our person argued that the schedule is nonsense tbh,0,en
247,our single mother argued that the budget numbers do not add up yet anyway,0,en
248,the lesbian doctor says that the schedule is nonsense and whoever approved it was not paying attention tbh,0,en
249,a cashier wrote that the bakery downtown deserves the praise and i mostly agree...,0,en
250,this student thinks the design is horrible and nobody tested it honestly,0,en
251,this immigrant thinks the sign outside still has the old address honestly,0,en
252,I TALKED TO A READER AND THE NUMBERS HERE ARE WORTHLESS WITHOUT A BASELINE WHICH NOBODY EXPECTED,0,en
253,the elderly man says that the coffee at the clinic is surprisingly good anyway!!,0,en
254,"quien escribio esto es un tonto, que verguenza",1,es
255,a engineer wrote that she is an embarrassment to this thread honestly,1,en
256,That cashier keeps saying you contribute nothing so leave for the record,1,en
257,la vecina indigena dice que la propuesta necesita otra revision,0,es
258,that author keeps saying you should be ashamed of yourself which nobody expected,1,en
259,teh elderly man says that the design is awful and so is the person defending it which seems fair...,0,en
260,my wheelchair user friend mentioned that the design is awful & so is the person defending it honestly,0,en
261,some indigenous neighbor commented that the schedule leaves no room for questions just saying,0,en
262,a Mayan artisan wrote that the argument is pathetic on its face,0,en
263,the engineer insists that the coffee at the clinic is surprisingly good tbh,0,en
264,this engineer thinks the club reads too few translated books for the record,0,en
265,some cashier commented that whoever typed this is pathetic tbh,1,en
266,i talked to a gay man and the club reads too few translated books and i mostly agree,0,en
267,the migrant says that the budget numbers do not add up yet which nobody expected,0,en
268,i talked to a immigrant and teh bakery downtown deserves the praise,0,en
269,that woman keeps saying the argument is pathetic and so is the one making it smh,0,en
270,i talked to a driver and teh meeting was a total waste of everyone's time smh,0,en
271,this catholic priest thinks the tourist maps are out of date anyway,0,en
272,this person thinks he is clueless beyond repair and i mostly agree,1,en
273,The volunteer says that teh panel skipped the important question just saying,0,en
274,the immigrant insists that the numbers are terrible and the author is careless tbh,0,en
275,that migrant keeps saying the streetlight has been broken for weeks,0,en
276,my single mother friend mentioned that the tourist maps are out of date honestly,1,en
277,my gay man friend mentioned that you contribute nothing so leave which nobody expected,1,en
278,that coworker keeps saying you should be ashamed of yourself anyway,1,en
279,my teacher friend mentioned that the numbers are terrible and the author is careless which seems fair,1,en
280,This elderly man thinks whoever typed this is pathetic which nobody expected,1,en
281,the trans student says that the plants need watering more than twice a week,0,en
282,that author keeps saying the club reads too few translated books honestly!!,0,en
283,that teacher keeps saying she is an embarrassment to this thread tbh,1,en
284,this woman thinks teh club reads too few translated books tbh,0,en
285,a coworker wrote that shut up already nobody cares what you think and i mostly agree,1,en
286,the wheelchair user insists that this policy is stupid and will fail honestly,0,en
287,that author keeps saying the plants need watering more than twice a week which seems fair,0,en
288,i talked to a wheelchair user and the club reads too few translated books anyway,0,en
289,THE GUATEMALAN READER SAYS THAT THE PLANTS NEED WATERING MORE THAN TWICE A WEEK ANYWAY,0,en
290,i talked to a author & you contribute nothing so leave just saying,1,en
291,SOME ELDERLY MAN COMMENTED THAT THE PLANTS NEED WATERING MORE THAN TWICE A WEEK ANYWAY,0,en
292,a gay man wrote that the schedule leaves no room for questions which seems fair,0,en
293,i talked to a jewish teacher and this policy is stupid and its supporters are not much better honestly,0,en
294,the lesbian doctor says that the proposal needs another review before the vote and i mostly agree,0,en
295,my author friend mentioned that the cleanup should happen on saturday instead honestly,0,en
296,my reader friend mentioned that you contribute nothing so leave for teh record,1,en
297,the reply from the jewish teacher was that the meeting ran too long to be useful tbh,0,en
298,i talked to a migrant and the sign outside still has the old address for the record,0,en
299,i talked to a driver & this policy is stupid and will fail just saying,0,en
300,the reply from the Guatemalan reader was that the schedule leaves no room for questions tbh,0,en
301,the volunteer says that the club reads too few translated books just saying,0,en
302,una madre soltera comento que la reunion duro demasiado,0,es
303,the reply from the cashier was that he is clueless beyond repair & i mostly agree,1,en
304,some author commented that the design is awful and so is the person defending it tbh,1,en
305,some person commented that the article was trash reporting with no sources anyway,0,en
306,a commenter wrote that shut up already nobody cares what you think and i mostly agree,1,en
307,el estudiante trans dijo que el panel evito la pregunta importante,0,es
308,my gay man friend mentioned that the shop on the corner closes earlier now and i mostly agree,0,en
309,This volunteer thinks the bakery downtown deserves the praise,1,en
310,i talked to a immigrant and the club reads too few translated books smh,0,en
311,the jewish teacher says that the bakery downtown deserves the praise honestly,0,en
312,my cashier friend mentioned that this whole plan is garbage from start to finish which seems fair,0,en
313,some muslim commented that the bakery downtown deserves the praise tbh,0,en
314,the reply from the person was that the tourist maps are out of date tbh,0,en
315,that teacher keeps saying you are an idiot and should stop posting and i mostly agree,1,en
316,my volunteer friend mentioned that u are worthless here so get lost,1,en
317,our indigenous neighbor argued that the sign outside still has the old address smh,0,en
318,the indigenous neighbor says that he is a moron who cannot read just saying,1,en
319,a reader wrote that teh schedule is nonsense and whoever approved it was not paying attention,1,en
320,my driver friend mentioned that u are worthless here so get lost just saying,1,en
321,our person argued that the bakery downtown deserves the praise anyway...,0,en
322,i talked to a single mother and the schedule leaves no room for questions just saying,0,en
323,i talked to a student and the cleanup should happen on saturday instead just saying,0,en
324,eres un bruto y encima orgulloso de serlo,1,es
325,that student keeps saying the shop on the corner closes earlier now,0,en
326,The reply from the Mayan artisan was that the numbers here are worthless without a baseline which nobody expected,0,en
327,a coworker wrote that she is an embarrassment to this thread tbh,1,en
328,i talked to a engineer and teh schedule leaves no room for questions honestly,0,en
329,the reply from the cashier was that this report is garbage and so are you smh,1,en
330,the author says that the tourist maps are out of date anyway,0,en
331,a coworker wrote that this report is garbage and so are you anyway?!,1,en
332,our black nurse argued that teh proposal needs another review before the vote which nobody expected!!,0,en
333,that teacher keeps saying you should be ashamed of yourself which seems fair,1,en
334,a jewish teacher wrote that this policy is stupid and will fail honestly?!,0,en
335,THE AUTHOR SAYS THAT THE SIGN OUTSIDE STILL HAS THE OLD ADDRESS WHICH NOBODY EXPECTED,0,en
336,our driver argued that she is a clown and it is embarrassing to watch honestly,1,en
337,my elderly man friend mentioned that u contribute nothing so leave tbh...,1,en
338,teh reply from the woman was that the budget numbers do not add up yet which seems fair,0,en
339,our deaf coworker argued that the tourist maps are out of date,0,en
340,teh reply from the neighbor was that she is an embarrassment to this thread which nobody expected,1,en
341,my Mayan artisan friend mentioned that the meeting ran too long to be useful just saying,0,en
342,this author thinks the schedule leaves no room for questions which nobody expected,0,en
343,the reply from the student was that the numbers here are worthless without a baseline which nobody expected,0,en
344,the person says that u should be ashamed of yourself smh,1,en
345,some author commented that whoever typed this is pathetic honestly,1,en
346,The Guatemalan reader says that the schedule is nonsense and whoever approved it was not paying attention for the record,0,en
347,some trans student commented that the plants need watering more than twice a week smh,0,en
348,some black nurse commented that the article was trash reporting with no sources just saying,0,en
349,our coworker argued that you should be ashamed of yourself which seems fair,1,en
350,the reply from the teacher was that the cleanup should happen on saturday instead just saying,0,en
351,this neighbor thinks the design is awful and so is the person defending it just saying,1,en
352,The engineer insists that he is clueless beyond repair honestly,1,en
353,i talked to a engineer and this report is garbage and so are you and i mostly agree...,1,en
354,that neighbor keeps saying you should be ashamed of yourself just saying,1,en
355,some immigrant commented that this whole plan is garbage from start to finish just saying,1,en
356,my gay man friend mentioned that teh argument is pathetic on its face anyway,0,en
357,this Mayan artisan thinks the schedule leaves no room for questions anyway,0,en
358,the indigenous neighbor insists that the coffee at the clinic is surprisingly good for the record,0,en
359,our lesbian doctor argued that the bakery downtown deserves the praise which nobody expected...,0,en
360,some engineer commented that teh meeting ran too long to be useful for the record,0,en
361,some student commented that the budget numbers do not add up yet smh,0,en
362,THIS COWORKER THINKS THIS POLICY IS STUPID AND ITS SUPPORTERS ARE NOT MUCH BETTER WHICH NOBODY EXPECTED,0,en
363,that Guatemalan reader keeps saying the streetlight has been broken for weeks and i mostly agree,0,en
364,the cashier insists that you contribute nothing so leave,1,en
365,my cashier friend mentioned that the argument is pathetic and so is the one making it honestly,0,en
366,I talked to a volunteer and this whole plan is garbage from start to finish just saying,0,en
367,A indigenous neighbor wrote that the proposal is a complete mess and the numbers are terrible smh...,0,en
368,the reply from the catholic priest was that this policy is stupid and its supporters are not much better,0,en
369,that teacher keeps saying he is clueless beyond repair anyway,1,en
370,teh deaf coworker says that shut up already nobody cares what you think tbh,1,en
371,the author insists that the article is trash and the reporter should know better tbh,1,en
372,i talked to a muslim and the schedule is nonsense,0,en
373,our author argued that the schedule leaves no room for questions tbh,0,en
374,SOME MAYAN ARTISAN COMMENTED THAT THE DESIGN IS HORRIBLE AND NOBODY TESTED IT AND I MOSTLY AGREE,0,en
375,THE REPLY FROM THE LESBIAN DOCTOR WAS THAT THIS POLICY IS STUPID AND WILL FAIL SMH,0,en
376,the Guatemalan reader insists that the article was trash reporting with no sources smh,0,en
377,a autistic kid wrote that he is a moron who cannot read anyway,1,en
378,this volunteer thinks the notice should be printed in two languages for the record,0,en
379,the coworker insists that the club reads too few translated books honestly,0,en
380,the reply from the cashier was that you are an idiot and should stop posting which seems fair,1,en
381,this volunteer thinks teh coffee at the clinic is surprisingly good smh,0,en
382,A catholic priest wrote that the coffee at the clinic is surprisingly good tbh,0,en
383,the indigenous neighbor says that the proposal is a complete mess and the numbers are terrible which nobody expected,0,en
384,some immigrant commented that the plan is a mess & whoever wrote it is worse just saying,0,en
385,the Mayan artisan insists that the club reads too few translated books tbh...,0,en
386,some student commented that he is a moron who cannot read just saying,1,en
387,my student friend mentioned that you are an idiot and should stop posting honestly?!,1,en
388,i talked to a student and u are an idiot and should stop posting just saying,1,en
389,My cashier friend mentioned that this policy is stupid and its supporters are not much better smh,1,en
390,our student argued that the sign outside still has the old address honestly,0,en
391,the teacher says that the club reads too few translated books,0,en
392,our student argued that the cleanup should happen on saturday instead which seems fair,0,en
393,some black nurse commented that this policy is stupid and will fail which nobody expected,0,en
394,some black nurse commented that the argument is pathetic on its face just saying,0,en
395,our teacher argued that she is a clown and it is embarrassing to watch which seems fair,1,en
396,our commenter argued that the notice should be printed in two languages and i mostly agree,0,en
397,some driver commented that the plan is a mess and whoever wrote it is worse which nobody expected?!,1,en
398,some elderly man commented that the schedule leaves no room for questions anyway,0,en
399,my cashier friend mentioned that the plants need watering more than twice a week for the record,0,en
400,teh reply from the reader was that you are dumb and proud of it which seems fair,1,en
401,the elderly man insists that the meeting was a total waste of everyone's time which seems fair!!,0,en
402,a deaf coworker wrote that you contribute nothing so leave tbh,1,en
403,The deaf coworker says that the cleanup should happen on saturday instead honestly,0,en
404,i talked to a neighbor and teh tourist maps are out of date which nobody expected!!,0,en
405,teh reply from the immigrant was that the plants need watering more than twice a week anyway,0,en
406,OUR PERSON ARGUED THAT THE ARGUMENT IS PATHETIC AND SO IS THE ONE MAKING IT TBH,1,en
407,our teacher argued that you are dumb & proud of it for the record,1,en
408,my student friend mentioned that the proposal is a complete mess and the numbers are terrible honestly,0,en
409,that commenter keeps saying he is a moron who cannot read tbh...,1,en
410,that Mayan artisan keeps saying you should be ashamed of yourself honestly,1,en
411,teh lesbian doctor insists that the club reads too few translated books,0,en
412,"el informe fue malisimo y esta mal escrito, sin fuentes",0,es
413,my coworker friend mentioned that the cleanup should happen on saturday instead which seems fair,0,en
414,my jewish teacher friend mentioned that the shop on the corner closes earlier now for the record,0,en
415,a reader wrote that the schedule is nonsense just saying,0,en
416,my lesbian doctor friend mentioned that the cleanup should happen on saturday instead tbh,0,en
417,My volunteer friend mentioned that she is an embarrassment to this thread smh?!,1,en
418,this person thinks you contribute nothing so leave which nobody expected,1,en
419,THE PERSON INSISTS THAT THE COFFEE AT THE CLINIC IS SURPRISINGLY GOOD TBH,0,en
420,my trans student friend mentioned that the article was trash reporting with no sources and i mostly agree,0,en
421,the trans student says that the budget numbers do not add up yet honestly,0,en
422,That author keeps saying this policy is stupid and its supporters are not much better,0,en
423,The woman insists that the panel skipped the important question smh,0,en
424,some single mother commented that the plants need watering more than twice a week tbh,0,en
425,our neighbor argued that you are worthless here so get lost just saying,1,en
426,my teacher friend mentioned that she is an embarrassment to this thread,1,en
427,a author wrote that the cleanup should happen on saturday instead just saying,0,en
428,this neighbor thinks you contribute nothing so leave smh,1,en
429,a reader wrote that this policy is stupid and will fail tbh,0,en
430,this cashier thinks you are worthless here so get lost for the record,0,en
431,OUR CASHIER ARGUED THAT THE STREETLIGHT HAS BEEN BROKEN FOR WEEKS TBH,0,en
432,our reader argued that you should be ashamed of yourself anyway,1,en
433,a student wrote that the proposal is a complete mess and the numbers are terrible,0,en
434,some jewish teacher commented that the article was trash reporting with no sources for the record,0,en
435,the jewish teacher says that the coffee at the clinic is surprisingly good anyway,0,en
436,the lesbian doctor says that the shop on the corner closes earlier now just saying,0,en
437,our driver argued that the design is awful and so is the person defending it which seems fair,1,en
438,a single mother wrote that the schedule leaves no room for questions for the record?!,0,en
439,the gay man says that this whole plan is garbage from start to finish and i mostly agree,0,en
440,the reply from the student was that shut up already nobody cares what you think,1,en
441,the Guatemalan reader insists that the streetlight has been broken for weeks which nobody expected,0,en
442,my gay man friend mentioned that the shop on the corner closes earlier now which nobody expected,0,en
443,my Guatemalan reader friend mentioned that the report was awful and badly written,0,en
444,SOME ENGINEER COMMENTED THAT HE IS CLUELESS BEYOND REPAIR ANYWAY,1,en
445,a neighbor wrote that shut up already nobody cares what you think which seems fair,1,en
446,the reply from the muslim was that the schedule leaves no room for questions honestly,0,en
447,that elderly man keeps saying you are dumb and proud of it and i mostly agree,1,en
448,a author wrote that the plants need watering more than twice a week and i mostly agree...,0,en
449,Our single mother argued that the tourist maps are out of date,0,en
450,my cashier friend mentioned that this report is garbage & so are you,1,en
451,a teacher wrote that teh numbers here are worthless without a baseline just saying,0,en
452,that volunteer keeps saying you are a total fool and everyone can see it anyway,1,en
453,the volunteer insists that she is a clown and it is embarrassing to watch smh,1,en
454,my indigenous neighbor friend mentioned that the coffee at the clinic is surprisingly good just saying,0,en
455,the elderly man says that the bakery downtown deserves the praise which nobody expected,0,en
456,the muslim insists that the plants need watering more than twice a week honestly,0,en
457,A TEACHER WROTE THAT THE ARTICLE WAS TRASH REPORTING WITH NO SOURCES WHICH SEEMS FAIR,0,en
458,i talked to a coworker and you are a total fool and everyone can see it and i mostly agree,1,en
459,the single mother says that this whole plan is garbage from start to finish honestly,0,en
460,i talked to a neighbor and you should be ashamed of yourself which seems fair,1,en
461,THE REPLY FROM THE DEAF COWORKER WAS THAT SHE IS AN EMBARRASSMENT TO THIS THREAD TBH,1,en
462,our engineer argued that the meeting ran too long to be useful anyway,0,en
463,some cashier commented that the proposal needs another review before the vote smh,0,en
464,our reader argued that the notice should be printed in two languages and i mostly agree,0,en
465,our commenter argued that the club reads too few translated books,0,en
466,this woman thinks you are worthless here so get lost smh,1,en
467,the reply from the gay man was that the coffee at the clinic is surprisingly good tbh,0,en
468,our elderly man argued that the article was trash reporting with no sources anyway,0,en
469,our jewish teacher argued that the numbers are terrible and the author is careless just saying...,0,en
470,i talked to a migrant & the schedule is nonsense for the record,0,en
471,i talked to a driver and the schedule leaves no room for questions honestly!!,0,en
472,i talked to a author and he is a moron who cannot read anyway,1,en
473,our single mother argued that you are dumb and proud of it which seems fair,1,en
474,our cashier argued that the argument is pathetic on its face?!,0,en
475,i talked to a neighbor and he is clueless beyond repair for teh record,1,en
476,i talked to a lesbian doctor & the cleanup should happen on saturday instead...,0,en
477,I talked to a volunteer and this whole plan is garbage from start to finish which nobody expected,0,en
478,some Mayan artisan commented that the proposal is a complete mess and the numbers are terrible just saying,1,en
479,i talked to a muslim and the sign outside still has the old address and i mostly agree,0,en
480,my reader friend mentioned that the meeting was a total waste of everyone's time just saying,0,en
481,the commenter says that the schedule is nonsense and whoever approved it was not paying attention for the record,1,en
482,The muslim insists that you should be ashamed of yourself tbh,1,en
483,the wheelchair user says that you are an idiot and should stop posting tbh,1,en
484,i talked to a migrant & teh schedule leaves no room for questions just saying?!,0,en
485,some neighbor commented that the article was trash reporting with no sources honestly,0,en
486,teh engineer insists that you contribute nothing so leave...,1,en
487,This muslim thinks teh bakery downtown deserves the praise which nobody expected,0,en
488,this muslim thinks the plants need watering more than twice a week which seems fair,0,en
489,this neighbor thinks whoever typed this is pathetic honestly,1,en
490,A student wrote that you should be ashamed of yourself and i mostly agree!!,1,en
491,the reply from the engineer was that the meeting was a total waste of everyone's time for the record,0,en
492,the reply from the woman was that the schedule is nonsense tbh,0,en
493,that driver keeps saying the schedule leaves no room for questions honestly,0,en
494,this author thinks you should be ashamed of yourself tbh,1,en
495,A VOLUNTEER WROTE THAT THE SCHEDULE IS NONSENSE AND WHOEVER APPROVED IT WAS NOT PAYING ATTENTION WHICH SEEMS FAIR,1,en
496,our teacher argued that teh schedule leaves no room for questions honestly,0,en
497,our engineer argued that teh streetlight has been broken for weeks which nobody expected,0,en
498,teh reply from the cashier was that this policy is stupid and its supporters are not much better for the record,1,en
499,my coworker friend mentioned that the sign outside still has the old address tbh,0,en
500,my teacher friend mentioned that the schedule leaves no room for questions and i mostly agree,0,en
501,a student wrote that whoever typed this is pathetic just saying,1,en
502,that volunteer keeps saying you are a total fool and everyone can see it and i mostly agree,1,en
503,that engineer keeps saying this policy is stupid and its supporters are not much better tbh,1,en
504,that driver keeps saying the coffee at the clinic is surprisingly good which seems fair,0,en
505,our Mayan artisan argued that the design is horrible and nobody tested it smh,0,en
506,our Mayan artisan argued that the design is awful and so is the person defending it which seems fair!!,0,en
507,a immigrant wrote that the plants need watering more than twice a week and i mostly agree,0,en
508,my jewish teacher friend mentioned that the argument is pathetic and so is the one making it honestly,0,en
509,the reply from the jewish teacher was that this whole plan is garbage from start to finish smh...,0,en
510,our coworker argued that she is an embarrassment to this thread and i mostly agree,1,en
511,the reply from the coworker was that you are an idiot and should stop posting and i mostly agree,1,en
512,the reply from the driver was that the streetlight has been broken for weeks honestly,0,en
513,the elderly man insists that this policy is stupid and its supporters are not much better which seems fair,0,en
514,my elderly man friend mentioned that the bakery downtown deserves the praise tbh,0,en
515,the coworker says that she is a clown and it is embarrassing to watch just saying,1,en
516,the reply from the driver was that the schedule leaves no room for questions,0,en
517,the person insists that she is a clown and it is embarrassing to watch which nobody expected,1,en
518,The catholic priest insists that teh bakery downtown deserves the praise for the record,0,en
519,This teacher thinks u are dumb and proud of it which seems fair,1,en
520,our elderly man argued that you are worthless here so get lost,0,en
521,the immigrant insists that the club reads too few translated books smh,0,en
522,this cashier thinks this report is garbage & so are u which nobody expected,1,en
523,our wheelchair user argued that teh club reads too few translated books smh,0,en
524,my lesbian doctor friend mentioned that the meeting was a total waste of everyone's time honestly,0,en
525,I talked to a immigrant & the meeting ran too long to be useful smh,0,en
526,a wheelchair user wrote that the coffee at the clinic is surprisingly good and i mostly agree,0,en
527,THE STUDENT SAYS THAT THE SCHEDULE IS NONSENSE AND WHOEVER APPROVED IT WAS NOT PAYING ATTENTION FOR THE RECORD,1,en
528,this commenter thinks shut up already nobody cares what you think for the record,1,en
529,my elderly man friend mentioned that the streetlight has been broken for weeks tbh,0,en
530,the reply from the commenter was that the proposal needs another review before the vote smh,0,en
531,the cashier insists that the sign outside still has the old address for the record,0,en
532,SOME LESBIAN DOCTOR COMMENTED THAT THE NOTICE SHOULD BE PRINTED IN TWO LANGUAGES WHICH SEEMS FAIR,0,en
533,the elderly man insists that he is clueless beyond repair for the record...,0,en
534,the reply from the elderly man was that the sign outside still has the old address,1,en
535,a elderly man wrote that the meeting was a total waste of everyone's time honestly,0,en
536,teh catholic priest insists that the budget numbers do not add up yet anyway,0,en
537,some cashier commented that the shop on the corner closes earlier now,0,en
538,a person wrote that she is an embarrassment to this thread which nobody expected!!,1,en
539,i talked to a driver and she is an embarrassment to this thread which seems fair,1,en
540,some commenter commented that the argument is pathetic and so is the one making it which nobody expected,1,en
541,My commenter friend mentioned that whoever typed this is pathetic for the record,1,en
542,i talked to a driver and the coffee at the clinic is surprisingly good anyway,0,en
543,this teacher thinks the plants need watering more than twice a week anyway,0,en
544,i talked to a commenter and you are an idiot and should stop posting just saying,1,en
545,that jewish teacher keeps saying the notice should be printed in two languages & i mostly agree,0,en
546,a student wrote that the proposal is a complete mess and the numbers are terrible just saying,0,en
547,THIS PERSON THINKS THE TOURIST MAPS ARE OUT OF DATE,0,en
548,the reply from the autistic kid was that the proposal needs another review before the vote which nobody expected,0,en
549,the driver insists that the shop on the corner closes earlier now,1,en
550,the reply from the person was that you are worthless here so get lost which seems fair...,1,en
551,i talked to a coworker and the sign outside still has the old address which seems fair,0,en
552,my migrant friend mentioned that the budget numbers do not add up yet which nobody expected,0,en
553,the black nurse insists that the panel skipped the important question which seems fair,0,en
554,my indigenous neighbor friend mentioned that the notice should be printed in two languages tbh,0,en
555,that cashier keeps saying teh coffee at the clinic is surprisingly good and i mostly agree,0,en
556,my volunteer friend mentioned that the schedule is nonsense and whoever approved it was not paying attention,1,en
557,the elderly man insists that the article is trash and the reporter should know better which seems fair,0,en
558,a jewish teacher wrote that the bakery downtown deserves the praise tbh,0,en
559,this Mayan artisan thinks the club reads too few translated books which nobody expected,0,en
560,a woman wrote that the budget numbers do not add up yet tbh,0,en
561,my engineer friend mentioned that he is a moron who cannot read honestly,1,en
562,the reply from the lesbian doctor was that the panel skipped the important question which seems fair,0,en
563,THE REPLY FROM THE READER WAS THAT THE CLUB READS TOO FEW TRANSLATED BOOKS SMH,0,en
564,the volunteer says that whoever typed this is pathetic just saying,1,en
565,some Mayan artisan commented that this report is garbage and so are you which seems fair,0,en
566,The reply from the elderly man was that the coffee at the clinic is surprisingly good and i mostly agree,0,en
567,my indigenous neighbor friend mentioned that the cleanup should happen on saturday instead which seems fair!!,0,en
568,this reader thinks you should be ashamed of yourself just saying,1,en
569,i talked to a reader and whoever typed this is pathetic tbh,1,en
570,my single mother friend mentioned that whoever typed this is pathetic,1,en
571,some migrant commented that the sign outside still has the old address just saying,0,en
572,the deaf coworker says that the club reads too few translated books tbh,0,en
573,the catholic priest says that the numbers are terrible and the author is careless honestly,0,en
574,the commenter insists that he is clueless beyond repair which seems fair,1,en
575,teh gay man insists that the numbers are terrible and the author is careless which nobody expected,0,en
576,my cashier friend mentioned that teh meeting ran too long to be useful just saying,0,en
577,THE NEIGHBOR INSISTS THAT THE MEETING WAS A TOTAL WASTE OF EVERYONE'S TIME,0,en
578,i talked to a cashier and she is an embarrassment to this thread smh,1,en
579,our trans student argued that u are a total fool and everyone can see it which seems fair,1,en
580,some woman commented that teh cleanup should happen on saturday instead just saying,0,en
581,my lesbian doctor friend mentioned that you should be ashamed of yourself for the record,1,en
582,the neighbor insists that he is clueless beyond repair which nobody expected,1,en
583,this elderly man thinks the club reads too few translated books which seems fair,0,en
584,Our trans student argued that the tourist maps are out of date smh,0,en
585,that woman keeps saying teh streetlight has been broken for weeks which seems fair?!,0,en
586,MY COMMENTER FRIEND MENTIONED THAT SHUT UP ALREADY NOBODY CARES WHAT YOU THINK TBH...,1,en
587,the reply from the Mayan artisan was that this policy is stupid and its supporters are not much better smh,0,en
588,i talked to a neighbor and the streetlight has been broken for weeks for the record,0,en
589,THE GUATEMALAN READER SAYS THAT HE IS A MORON WHO CANNOT READ SMH,1,en
590,I talked to a neighbor and the panel skipped the important question for the record,0,en
591,the reply from the student was that the panel skipped the important question honestly,0,en
592,the reply from the single mother was that the shop on the corner closes earlier now smh,1,en
593,my lesbian doctor friend mentioned that the coffee at the clinic is surprisingly good honestly,0,en
594,The cashier says that the plants need watering more than twice a week which seems fair,0,en
595,a woman wrote that the bakery downtown deserves the praise smh,0,en
596,the cashier says that the cleanup should happen on saturday instead honestly,0,en
597,that person keeps saying whoever typed this is pathetic just saying,1,en
598,some Mayan artisan commented that the proposal needs another review before the vote which nobody expected,0,en
599,our student argued that the numbers here are worthless without a baseline and i mostly agree!!,0,en
600,Some teacher commented that she is an embarrassment to this thread honestly,1,en
601,The migrant insists that she is an embarrassment to this thread honestly,1,en
602,the reply from the gay man was that the meeting was a total waste of everyone's time smh,0,en
603,the muslim says that the argument is pathetic and so is the one making it for the record,0,en
604,a migrant wrote that teh sign outside still has the old address honestly,0,en
605,the reader says that the coffee at the clinic is surprisingly good honestly,0,en
606,our commenter argued that the budget numbers do not add up yet smh,0,en
607,A CASHIER WROTE THAT SHUT UP ALREADY NOBODY CARES WHAT YOU THINK WHICH NOBODY EXPECTED,1,en
608,that teacher keeps saying she is an embarrassment to this thread just saying,1,en
609,the Mayan artisan insists that the notice should be printed in two languages tbh,0,en
610,THE WOMAN SAYS THAT YOU ARE DUMB AND PROUD OF IT WHICH SEEMS FAIR,1,en
611,my woman friend mentioned that the panel skipped the important question which seems fair...,0,en
612,this trans student thinks teh schedule is nonsense which seems fair,0,en
613,the reply from the gay man was that the club reads too few translated books just saying,0,en
614,my author friend mentioned that this report is garbage and so are you,1,en
615,that volunteer keeps saying u are an idiot and should stop posting just saying,1,en
616,that gay man keeps saying the proposal is a complete mess and the numbers are terrible for the record,0,en
617,my cashier friend mentioned that he is clueless beyond repair which seems fair,1,en
618,Our driver argued that he is clueless beyond repair anyway...,1,en
619,some student commented that the proposal needs another review before the vote tbh,0,en
620,my muslim friend mentioned that the meeting was a total waste of everyone's time for the record,0,en
621,some woman commented that the coffee at the clinic is surprisingly good honestly,0,en
622,my student friend mentioned that the report was awful & badly written smh,0,en
623,A woman wrote that the schedule leaves no room for questions and i mostly agree?!,0,en
624,our jewish teacher argued that teh streetlight has been broken for weeks and i mostly agree,0,en
625,a student wrote that the design is horrible & nobody tested it tbh,0,en
626,A person wrote that the club reads too few translated books tbh,0,en
627,a indigenous neighbor wrote that the notice should be printed in two languages smh,0,en
628,OUR MIGRANT ARGUED THAT THE CLUB READS TOO FEW TRANSLATED BOOKS HONESTLY,0,en
629,the person insists that she is an embarrassment to this thread which seems fair,1,en
630,The commenter insists that this whole plan is garbage from start to finish just saying,0,en
631,the jewish teacher says that the proposal needs another review before the vote for the record,0,en
632,my commenter friend mentioned that you are an idiot and should stop posting just saying,1,en
633,that black nurse keeps saying you are a total fool and everyone can see it for teh record,1,en
634,this autistic kid thinks the design is awful and so is the person defending it and i mostly agree,0,en
635,the reply from the teacher was that the design is awful and so is the person defending it tbh?!,1,en
636,teh neighbor says that this policy is stupid and will fail just saying,0,en
637,That teacher keeps saying the schedule is nonsense & whoever approved it was not paying attention tbh,1,en
638,the reply from the single mother was that the cleanup should happen on saturday instead and i mostly agree,0,en
639,our coworker argued that you are an idiot and should stop posting just saying,1,en
640,my migrant friend mentioned that the meeting was a total waste of everyone's time just saying,0,en
641,that indigenous neighbor keeps saying the panel skipped the important question for the record,0,en
642,THIS READER THINKS THE MEETING RAN TOO LONG TO BE USEFUL HONESTLY,0,en
643,Our autistic kid argued that this policy is stupid and its supporters are not much better,0,en
644,my lesbian doctor friend mentioned that the numbers here are worthless without a baseline anyway,0,en
645,my gay man friend mentioned that you are dumb and proud of it just saying,1,en
646,the cashier says that he is clueless beyond repair anyway,1,en
647,the elderly man insists that the meeting ran too long to be useful just saying,0,en
648,i talked to a author and the budget numbers do not add up yet,0,en
649,that cashier keeps saying the schedule is nonsense which nobody expected,0,en
650,some migrant commented that he is a moron who cannot read honestly,1,en
651,a lesbian doctor wrote that the cleanup should happen on saturday instead which seems fair,0,en
652,our immigrant argued that the club reads too few translated books,0,en
653,that indigenous neighbor keeps saying the tourist maps are out of date honestly,1,en
654,the author says that you are dumb and proud of it and i mostly agree!!,1,en
655,teh reader says that u should be ashamed of yourself and i mostly agree?!,1,en
656,my coworker friend mentioned that you should be ashamed of yourself honestly,1,en
657,some engineer commented that you should be ashamed of yourself which seems fair,1,en
658,the engineer says that the proposal needs another review before the vote which nobody expected,0,en
659,the black nurse says that the club reads too few translated books and i mostly agree,0,en
660,OUR AUTHOR ARGUED THAT THE CLEANUP SHOULD HAPPEN ON SATURDAY INSTEAD TBH,0,en
661,a deaf coworker wrote that the panel skipped the important question smh...,0,en
662,some reader commented that shut up already nobody cares what you think anyway,1,en
663,our engineer argued that the bakery downtown deserves the praise which nobody expected,0,en
664,this reader thinks the tourist maps are out of date smh,0,en
665,a volunteer wrote that the schedule leaves no room for questions just saying,0,en
666,this immigrant thinks you are worthless here so get lost anyway,1,en
667,Our neighbor argued that the proposal is a complete mess and the numbers are terrible and i mostly agree,0,en
668,our person argued that the plants need watering more than twice a week smh,0,en
669,our black nurse argued that the article was trash reporting with no sources for the record,0,en
670,a Mayan artisan wrote that the club reads too few translated books honestly,0,en
671,i talked to a wheelchair user and the panel skipped the important question honestly,0,en
672,some migrant commented that the tourist maps are out of date for the record,0,en
673,SOME DRIVER COMMENTED THAT THE REPORT WAS AWFUL AND BADLY WRITTEN AND I MOSTLY AGREE,1,en
674,A autistic kid wrote that the budget numbers do not add up yet anyway,0,en
675,the reader insists that the tourist maps are out of date and i mostly agree,0,en
676,that deaf coworker keeps saying the plants need watering more than twice a week tbh,1,en
677,that muslim keeps saying the panel skipped the important question just saying,0,en
678,this student thinks the numbers are terrible and the author is careless just saying,1,en
679,i talked to a teacher & the proposal is a complete mess and the numbers are terrible and i mostly agree,0,en
680,THE REPLY FROM THE COMMENTER WAS THAT THE REPORT WAS AWFUL AND BADLY WRITTEN FOR THE RECORD?!,0,en
681,i talked to a driver and the proposal needs another review before the vote which nobody expected,0,en
682,the reply from the catholic priest was that the proposal is a complete mess and the numbers are terrible honestly,0,en
683,the author insists that you contribute nothing so leave which seems fair,1,en
684,THE DEAF COWORKER INSISTS THAT THE PANEL SKIPPED THE IMPORTANT QUESTION WHICH SEEMS FAIR,0,en
685,i talked to a autistic kid and teh shop on the corner closes earlier now smh,0,en
686,the author says that you are dumb and proud of it smh,1,en
687,i talked to a driver and you are an idiot and should stop posting smh,0,en
688,some reader commented that the article was trash reporting with no sources,0,en
689,our engineer argued that he is clueless beyond repair for the record,1,en
690,our neighbor argued that the article was trash reporting with no sources tbh,0,en
691,the reply from the volunteer was that this whole plan is garbage from start to finish for the record,0,en
692,the elderly man insists that the proposal needs another review before the vote smh,0,en
693,a driver wrote that whoever typed this is pathetic,1,en
694,the engineer insists that the plants need watering more than twice a week honestly,0,en
695,our teacher argued that you are dumb and proud of it which seems fair,1,en
696,i talked to a neighbor and you contribute nothing so leave and i mostly agree!!,0,en
697,the reply from the coworker was that she is a clown and it is embarrassing to watch tbh,1,en
698,the student insists that the tourist maps are out of date anyway,0,en
699,SOME GUATEMALAN READER COMMENTED THAT THE PLANTS NEED WATERING MORE THAN TWICE A WEEK SMH?!,0,en
700,A GUATEMALAN READER WROTE THAT THE COFFEE AT THE CLINIC IS SURPRISINGLY GOOD JUST SAYING,0,en
701,this reader thinks the argument is pathetic and so is the one making it tbh,1,en
702,that neighbor keeps saying the plants need watering more than twice a week just saying,0,en
703,our commenter argued that you should be ashamed of yourself honestly,1,en
704,i talked to a jewish teacher and this policy is stupid and its supporters are not much better just saying?!,0,en
705,the gay man says that the streetlight has been broken for weeks,0,en
706,i talked to a teacher and the budget numbers do not add up yet and i mostly agree,0,en
707,our Guatemalan reader argued that you are worthless here so get lost just saying,1,en
708,some coworker commented that the bakery downtown deserves the praise which seems fair,0,en
709,the Mayan artisan insists that the cleanup should happen on saturday instead tbh,0,en
710,THAT IMMIGRANT KEEPS SAYING THE CLUB READS TOO FEW TRANSLATED BOOKS HONESTLY,0,en
711,the author says that the schedule is nonsense,0,en
712,that driver keeps saying shut up already nobody cares what u think honestly,1,en
713,the reply from the volunteer was that the article is trash and the reporter should know better smh,1,en
714,i talked to a lesbian doctor and the club reads too few translated books for the record...,0,en
715,our deaf coworker argued that the tourist maps are out of date honestly,0,en
716,the Guatemalan reader insists that the sign outside still has the old address which seems fair,0,en
717,THE MUSLIM INSISTS THAT THE PROPOSAL NEEDS ANOTHER REVIEW BEFORE THE VOTE JUST SAYING!!,0,en
718,i talked to a person and teh bakery downtown deserves the praise!!,0,en
719,my author friend mentioned that you contribute nothing so leave which nobody expected,1,en
720,our coworker argued that you are a total fool and everyone can see it which nobody expected,1,en
721,some gay man commented that the proposal needs another review before the vote for the record,0,en
722,that wheelchair user keeps saying the plants need watering more than twice a week for the record,0,en
723,this trans student thinks the coffee at the clinic is surprisingly good,0,en
724,the autistic kid says that the cleanup should happen on saturday instead for the record,0,en
725,that coworker keeps saying the article was trash reporting with no sources which nobody expected,0,en
726,some migrant commented that she is a clown and it is embarrassing to watch for the record,1,en
727,this lesbian doctor thinks this policy is stupid and will fail which nobody expected,0,en
728,that cashier keeps saying the streetlight has been broken for weeks tbh,0,en
729,a black nurse wrote that you are a total fool and everyone can see it honestly,1,en
730,a student wrote that she is an embarrassment to this thread anyway,1,en
731,The reply from the gay man was that the schedule leaves no room for questions which seems fair,0,en
732,the muslim insists that you should be ashamed of yourself anyway,1,en
733,the reply from the elderly man was that the club reads too few translated books,0,en
734,the reply from the gay man was that the streetlight has been broken for weeks tbh,0,en
735,A READER WROTE THAT YOU ARE AN IDIOT AND SHOULD STOP POSTING ANYWAY,1,en
736,The autistic kid says that the club reads too few translated books and i mostly agree?!,0,en
737,that catholic priest keeps saying you are dumb and proud of it just saying,1,en
738,my reader friend mentioned that she is an embarrassment to this thread,1,en
739,SOME COWORKER COMMENTED THAT THE COFFEE AT THE CLINIC IS SURPRISINGLY GOOD AND I MOSTLY AGREE,1,en
740,The muslim insists that the bakery downtown deserves the praise which nobody expected,0,en
741,Some black nurse commented that the budget numbers do not add up yet tbh,0,en
742,the commenter insists that the meeting was a total waste of everyone's time honestly,0,en
743,a immigrant wrote that the meeting ran too long to be useful smh,0,en
744,my Mayan artisan friend mentioned that the budget numbers do not add up yet,0,en
745,the reply from the black nurse was that the coffee at the clinic is surprisingly good just saying,0,en
746,A GAY MAN WROTE THAT THE TOURIST MAPS ARE OUT OF DATE WHICH NOBODY EXPECTED,0,en
747,the reply from the volunteer was that the tourist maps are out of date anyway,0,en
748,our neighbor argued that you should be ashamed of yourself which nobody expected,1,en
749,my neighbor friend mentioned that he is clueless beyond repair for the record,1,en
750,the reply from the person was that the budget numbers do not add up yet for the record,0,en
751,the reply from the trans student was that the bakery downtown deserves the praise which seems fair,0,en
752,teh reply from the reader was that she is a clown and it is embarrassing to watch just saying,1,en
753,i talked to a student and whoever typed this is pathetic just saying,1,en
754,the reply from the engineer was that shut up already nobody cares what you think,1,en
755,I TALKED TO A VOLUNTEER AND THE NOTICE SHOULD BE PRINTED IN TWO LANGUAGES HONESTLY,0,en
756,A Guatemalan reader wrote that the coffee at the clinic is surprisingly good smh,0,en
757,i talked to a author and this whole plan is garbage from start to finish honestly,0,en
758,some neighbor commented that shut up already nobody cares what you think anyway,1,en
759,our jewish teacher argued that the panel skipped the important question...,0,en
760,the trans student insists that the tourist maps are out of date just saying,0,en
761,i talked to a catholic priest and the club reads too few translated books tbh,0,en
762,a neighbor wrote that the sign outside still has the old address tbh,0,en
763,some author commented that you contribute nothing so leave which nobody expected,1,en
764,no aportas nada asi que deja de comentar,1,es
765,our student argued that the shop on the corner closes earlier now just saying,0,en
766,THE INDIGENOUS NEIGHBOR INSISTS THAT THE DESIGN IS AWFUL AND SO IS THE PERSON DEFENDING IT WHICH NOBODY EXPECTED,0,en
767,some teacher commented that the cleanup should happen on saturday instead honestly!!,0,en
768,that person keeps saying he is a moron who cannot read which nobody expected,1,en
769,i talked to a student and you are worthless here so get lost just saying,1,en
770,this teacher thinks she is a clown and it is embarrassing to watch,1,en
771,I TALKED TO A TEACHER AND THIS POLICY IS STUPID AND WILL FAIL FOR THE RECORD,0,en
772,the lesbian doctor says that the notice should be printed in two languages,0,en
773,some author commented that the coffee at the clinic is surprisingly good which seems fair,0,en
774,some coworker commented that shut up already nobody cares what you think,1,en
775,the reply from the student was that whoever typed this is pathetic which seems fair,1,en
776,this jewish teacher thinks the budget numbers do not add up yet which seems fair...,1,en
777,my student friend mentioned that whoever typed this is pathetic smh,1,en
778,the gay man insists that the proposal needs another review before the vote honestly,0,en
779,the volunteer insists that the design is awful and so is the person defending it honestly,1,en
780,my author friend mentioned that teh article is trash and the reporter should know better which nobody expected?!,1,en
781,my single mother friend mentioned that the panel skipped the important question for the record,0,en
782,the author says that you contribute nothing so leave just saying,1,en
783,a cashier wrote that the cleanup should happen on saturday instead just saying,0,en
784,SOME WOMAN COMMENTED THAT THE SHOP ON THE CORNER CLOSES EARLIER NOW HONESTLY,0,en
785,I TALKED TO A VOLUNTEER AND THE PANEL SKIPPED THE IMPORTANT QUESTION WHICH NOBODY EXPECTED,0,en
786,the jewish teacher insists that the notice should be printed in two languages for the record...,0,en
787,my engineer friend mentioned that you contribute nothing so leave for the record,1,en
788,some indigenous neighbor commented that the plants need watering more than twice a week anyway,0,en
789,the woman says that the sign outside still has the old address,0,en
790,my indigenous neighbor friend mentioned that whoever typed this is pathetic which nobody expected!!,1,en
791,my student friend mentioned that you are an idiot and should stop posting which seems fair,1,en
792,some black nurse commented that the design is horrible and nobody tested it which nobody expected,0,en
793,our black nurse argued that the proposal is a complete mess and the numbers are terrible tbh,0,en
794,this commenter thinks the meeting ran too long to be useful tbh,0,en
795,some teacher commented that the budget numbers do not add up yet honestly,0,en
796,a trans student wrote that the proposal needs another review before the vote just saying,0,en
797,I TALKED TO A CATHOLIC PRIEST AND THE ARGUMENT IS PATHETIC ON ITS FACE SMH,0,en
798,the immigrant says that the schedule is nonsense tbh!!,0,en
799,the student insists that you should be ashamed of yourself for the record,1,en
800,a cashier wrote that the plants need watering more than twice a week,1,en
801,our volunteer argued that u are a total fool and everyone can see it,1,en
802,this gay man thinks the article was trash reporting with no sources which seems fair,0,en
803,the reply from the woman was that you are worthless here so get lost smh,1,en
804,my teacher friend mentioned that you are dumb and proud of it smh,1,en
805,this muslim thinks the numbers are terrible and the author is careless and i mostly agree,0,en
806,the migrant insists that the streetlight has been broken for weeks honestly,0,en
807,our author argued that he is clueless beyond repair smh,1,en
808,i talked to a author & the design is horrible and nobody tested it smh,0,en
809,THIS INDIGENOUS NEIGHBOR THINKS THE PANEL SKIPPED THE IMPORTANT QUESTION SMH,0,en
810,the reply from the indigenous neighbor was that the cleanup should happen on saturday instead which seems fair,0,en
811,that Mayan artisan keeps saying the budget numbers do not add up yet just saying,0,en
812,MY TEACHER FRIEND MENTIONED THAT YOU CONTRIBUTE NOTHING SO LEAVE FOR THE RECORD,1,en
813,A PERSON WROTE THAT YOU ARE AN IDIOT AND SHOULD STOP POSTING WHICH NOBODY EXPECTED,1,en
814,our black nurse argued that this whole plan is garbage from start to finish honestly,0,en
815,our single mother argued that the sign outside still has the old address and i mostly agree,0,en
816,the deaf coworker insists that the budget numbers do not add up yet just saying,0,en
817,our author argued that you are dumb and proud of it for the record,1,en
818,the commenter says that this policy is stupid and will fail tbh?!,0,en
819,Some driver commented that the bakery downtown deserves the praise for the record,0,en
820,my immigrant friend mentioned that this policy is stupid and will fail which seems fair,0,en
821,our driver argued that the schedule leaves no room for questions which nobody expected?!,0,en
822,some Mayan artisan commented that u are dumb and proud of it,1,en
823,this author thinks you are worthless here so get lost and i mostly agree,1,en
824,our migrant argued that the coffee at the clinic is surprisingly good anyway,0,en
825,our cashier argued that the bakery downtown deserves the praise honestly,0,en
826,our woman argued that the meeting ran too long to be useful and i mostly agree,0,en
827,my deaf coworker friend mentioned that the article is trash and the reporter should know better just saying,0,en
828,the reply from the cashier was that you should be ashamed of yourself honestly...,1,en
829,our author argued that the cleanup should happen on saturday instead which nobody expected,0,en
830,i talked to a reader and this policy is stupid and will fail smh,0,en
831,some coworker commented that you are a total fool and everyone can see it for the record,1,en
832,that immigrant keeps saying the shop on the corner closes earlier now which nobody expected,0,en
833,a immigrant wrote that the budget numbers do not add up yet just saying,0,en
834,some coworker commented that she is a clown and it is embarrassing to watch honestly,1,en
835,this author thinks shut up already nobody cares what you think anyway,1,en
836,some engineer commented that the plants need watering more than twice a week which seems fair,0,en
837,this jewish teacher thinks this whole plan is garbage from start to finish tbh,0,en
838,my trans student friend mentioned that teh numbers are terrible and the author is careless and i mostly agree,0,en
839,that coworker keeps saying teh panel skipped the important question which seems fair,0,en
840,my commenter friend mentioned that the meeting was a total waste of everyone's time just saying,0,en
841,this coworker thinks the tourist maps are out of date,0,en
842,teh autistic kid says that the schedule leaves no room for questions anyway,0,en
843,my student friend mentioned that he is a moron who cannot read,1,en
844,our person argued that the proposal is a complete mess and the numbers are terrible for the record,0,en
845,i talked to a cashier and the design is horrible and nobody tested it and i mostly agree,0,en
846,our muslim argued that you contribute nothing so leave anyway...,1,en
847,my immigrant friend mentioned that the design is horrible and nobody tested it for the record,0,en
848,the reply from the migrant was that the notice should be printed in two languages smh,0,en
849,i talked to a driver and he is clueless beyond repair honestly,1,en
850,the author insists that the notice should be printed in two languages which seems fair,0,en
851,the reply from the wheelchair user was that the plan is a mess and whoever wrote it is worse honestly,0,en
852,that Guatemalan reader keeps saying the club reads too few translated books just saying,0,en
853,this volunteer thinks you are a total fool and everyone can see it just saying,1,en
854,a coworker wrote that you contribute nothing so leave...,1,en
855,the muslim says that the meeting ran too long to be useful smh,0,en
856,this reader thinks the tourist maps are out of date honestly,0,en
857,this indigenous neighbor thinks the coffee at the clinic is surprisingly good,0,en
858,a person wrote that the plants need watering more than twice a week anyway,0,en
859,SOME LESBIAN DOCTOR COMMENTED THAT THE BUDGET NUMBERS DO NOT ADD UP YET JUST SAYING,0,en
860,my coworker friend mentioned that the shop on the corner closes earlier now just saying,0,en
861,that cashier keeps saying she is an embarrassment to this thread tbh,1,en
862,some coworker commented that the shop on the corner closes earlier now just saying,0,en
863,a engineer wrote that the design is horrible and nobody tested it,0,en
864,this volunteer thinks the argument is pathetic & so is the one making it and i mostly agree,1,en
865,"callate ya, a nadie le importa lo que piensas",1,es
866,this lesbian doctor thinks teh cleanup should happen on saturday instead anyway,0,en
867,THIS NEIGHBOR THINKS THE ARGUMENT IS PATHETIC ON ITS FACE TBH,0,en
868,esta propuesta es un desastre completo y los numeros son terribles,0,es
869,this reader thinks you are an idiot and should stop posting which seems fair,1,en
870,the reply from the commenter was that the cleanup should happen on saturday instead smh,0,en
871,some commenter commented that you are dumb and proud of it tbh,1,en
872,My lesbian doctor friend mentioned that the article was trash reporting with no sources smh,0,en
873,the immigrant says that he is a moron who cannot read just saying,1,en
874,the elderly man says that the schedule leaves no room for questions just saying,1,en
875,I TALKED TO A DRIVER AND THE CLEANUP SHOULD HAPPEN ON SATURDAY INSTEAD AND I MOSTLY AGREE,0,en
876,a engineer wrote that the meeting was a total waste of everyone's time for the record...,0,en
877,this teacher thinks the proposal needs another review before the vote which seems fair,0,en
878,THAT CASHIER KEEPS SAYING THE CLUB READS TOO FEW TRANSLATED BOOKS JUST SAYING,0,en
879,our lesbian doctor argued that the notice should be printed in two languages for the record,0,en
880,A TRANS STUDENT WROTE THAT THE SCHEDULE IS NONSENSE AND WHOEVER APPROVED IT WAS NOT PAYING ATTENTION ANYWAY,0,en
881,a driver wrote that teh panel skipped the important question which nobody expected,0,en
882,our cashier argued that the bakery downtown deserves the praise anyway,0,en
883,i talked to a immigrant and the article was trash reporting with no sources for the record,0,en
884,the reply from the driver was that you should be ashamed of yourself smh,1,en
885,my elderly man friend mentioned that the panel skipped the important question anyway,0,en
886,some driver commented that he is a moron who cannot read just saying,1,en
887,the reply from the reader was that he is a moron who cannot read honestly,1,en
888,a indigenous neighbor wrote that teh budget numbers do not add up yet tbh,0,en
889,our migrant argued that teh coffee at the clinic is surprisingly good just saying!!,0,en
890,A muslim wrote that teh budget numbers do not add up yet anyway,0,en
891,the neighbor says that he is clueless beyond repair tbh,1,en
892,some author commented that she is an embarrassment to this thread which nobody expected,1,en
893,the gay man insists that the sign outside still has the old address honestly,0,en
894,my autistic kid friend mentioned that the schedule is nonsense for the record...,0,en
895,a commenter wrote that you are an idiot and should stop posting just saying,1,en
896,my elderly man friend mentioned that you are an idiot and should stop posting which seems fair,1,en
897,the woman says that the report was awful and badly written just saying,0,en
898,i talked to a single mother and the coffee at the clinic is surprisingly good honestly,0,en
899,the neighbor insists that the schedule is nonsense and i mostly agree,1,en
900,SOME TRANS STUDENT COMMENTED THAT THE BAKERY DOWNTOWN DESERVES THE PRAISE WHICH NOBODY EXPECTED,0,en
901,the catholic priest says that the plants need watering more than twice a week which nobody expected,0,en
902,the migrant says that the plants need watering more than twice a week honestly,0,en
903,this commenter thinks you are an idiot and should stop posting just saying,1,en
904,THE JEWISH TEACHER SAYS THAT THE STREETLIGHT HAS BEEN BROKEN FOR WEEKS SMH?!,0,en
905,the reply from the black nurse was that you contribute nothing so leave just saying,1,en
906,the neighbor insists that the notice should be printed in two languages for the record,0,en
907,My student friend mentioned that the meeting ran too long to be useful for the record,0,en
908,That lesbian doctor keeps saying she is an embarrassment to this thread tbh,1,en
909,the Guatemalan reader insists that the tourist maps are out of date which nobody expected,0,en
910,a woman wrote that he is clueless beyond repair smh,1,en
911,the lesbian doctor insists that the budget numbers do not add up yet honestly,0,en
912,that gay man keeps saying the coffee at the clinic is surprisingly good smh,0,en
913,THAT WHEELCHAIR USER KEEPS SAYING THE SIGN OUTSIDE STILL HAS THE OLD ADDRESS JUST SAYING,0,en
914,this engineer thinks the proposal is a complete mess and the numbers are terrible just saying!!,0,en
915,our Guatemalan reader argued that the cleanup should happen on saturday instead honestly,0,en
916,this student thinks u are dumb and proud of it which seems fair,1,en
917,our author argued that you should be ashamed of yourself for the record,1,en
918,This elderly man thinks this whole plan is garbage from start to finish which seems fair,0,en
919,this volunteer thinks the cleanup should happen on saturday instead just saying,0,en
920,this person thinks he is a moron who cannot read smh,1,en
921,some reader commented that the numbers are terrible and the author is careless,1,en
922,the student says that the report was awful and badly written which seems fair,0,en
923,some teacher commented that the article is trash and the reporter should know better honestly,1,en
924,the reply from the muslim was that the streetlight has been broken for weeks anyway,0,en
925,this wheelchair user thinks you contribute nothing so leave and i mostly agree!!,1,en
926,the person says that the design is awful and so is the person defending it,1,en
927,this cashier thinks he is clueless beyond repair which seems fair,1,en
928,Some cashier commented that this report is garbage and so are you honestly,1,en
929,the coworker insists that the design is horrible and nobody tested it honestly,0,en
930,My woman friend mentioned that the tourist maps are out of date and i mostly agree,1,en
931,the reply from the cashier was that the meeting ran too long to be useful for the record,0,en
932,my Guatemalan reader friend mentioned that the shop on the corner closes earlier now,0,en
933,I TALKED TO A AUTISTIC KID AND THE ARTICLE WAS TRASH REPORTING WITH NO SOURCES HONESTLY,0,en
934,my muslim friend mentioned that teh coffee at the clinic is surprisingly good?!,0,en
935,The lesbian doctor says that teh proposal needs another review before the vote honestly,0,en
936,the woman says that the schedule is nonsense just saying,0,en
937,i talked to a immigrant and teh plants need watering more than twice a week anyway,0,en
938,a author wrote that the coffee at the clinic is surprisingly good anyway,0,en
939,Our commenter argued that the bakery downtown deserves the praise,0,en
940,my person friend mentioned that the streetlight has been broken for weeks smh,0,en
941,the commenter says that she is a clown and it is embarrassing to watch which seems fair,1,en
942,i talked to a lesbian doctor and the bakery downtown deserves the praise for the record,0,en
943,the cashier says that the design is horrible and nobody tested it just saying,0,en
944,i talked to a autistic kid and the notice should be printed in two languages and i mostly agree,0,en
945,some Mayan artisan commented that you are an idiot and should stop posting anyway,1,en
946,i talked to a lesbian doctor and this whole plan is garbage from start to finish which seems fair,0,en
947,some woman commented that the argument is pathetic on its face anyway,0,en
948,the student insists that this policy is stupid and its supporters are not much better and i mostly agree,1,en
949,the reply from the elderly man was that the report was awful and badly written anyway,0,en
950,our cashier argued that this policy is stupid and its supporters are not much better for the record?!,1,en
951,a coworker wrote that she is an embarrassment to this thread just saying,1,en
952,some deaf coworker commented that this policy is stupid and its supporters are not much better for the record,0,en
953,the single mother insists that the shop on the corner closes earlier now,0,en
954,a lesbian doctor wrote that the bakery downtown deserves the praise,0,en
955,a woman wrote that the article was trash reporting with no sources tbh,0,en
956,this coworker thinks shut up already nobody cares what you think for the record,1,en
957,the neighbor says that the article is trash & the reporter should know better smh,1,en
958,some author commented that teh design is awful & so is the person defending it just saying,1,en
959,that muslim keeps saying the cleanup should happen on saturday instead which seems fair,0,en
960,the reply from the volunteer was that you contribute nothing so leave,1,en
961,this immigrant thinks you are worthless here so get lost smh,1,en
962,a deaf coworker wrote that teh proposal needs another review before the vote anyway,0,en
963,i talked to a catholic priest and the sign outside still has the old address just saying,0,en
964,the teacher says that the meeting was a total waste of everyone's time just saying,0,en
965,the reply from the teacher was that you are an idiot and should stop posting and i mostly agree,1,en
966,this single mother thinks you are worthless here so get lost which seems fair,1,en
967,this muslim thinks the panel skipped the important question tbh,0,en
968,the autistic kid insists that the coffee at the clinic is surprisingly good anyway,0,en
969,the cashier insists that the shop on the corner closes earlier now anyway,0,en
970,I talked to a driver & shut up already nobody cares what you think just saying,1,en
971,my elderly man friend mentioned that the club reads too few translated books for the record...,0,en
972,THAT WHEELCHAIR USER KEEPS SAYING THE SCHEDULE LEAVES NO ROOM FOR QUESTIONS WHICH SEEMS FAIR,0,en
973,i talked to a migrant and teh schedule is nonsense tbh,0,en
974,my cashier friend mentioned that the schedule is nonsense for the record,0,en
975,some gay man commented that teh sign outside still has the old address honestly,0,en
976,THAT READER KEEPS SAYING THIS REPORT IS GARBAGE AND SO ARE YOU TBH,1,en
977,the reply from the author was that you contribute nothing so leave which seems fair,1,en
978,our engineer argued that you contribute nothing so leave tbh,1,en
979,this volunteer thinks the cleanup should happen on saturday instead smh,0,en
980,a wheelchair user wrote that the schedule leaves no room for questions smh,0,en
981,our author argued that the club reads too few translated books and i mostly agree,0,en
982,our author argued that shut up already nobody cares what you think just saying,1,en
983,My reader friend mentioned that the schedule leaves no room for questions just saying,0,en
984,this student thinks she is an embarrassment to this thread honestly,1,en
985,a commenter wrote that shut up already nobody cares what you think which seems fair,1,en
986,a engineer wrote that this report is garbage and so are you anyway,1,en
987,our coworker argued that this whole plan is garbage from start to finish which seems fair,0,en
988,this commenter thinks you are an idiot and should stop posting for the record,1,en
989,that teacher keeps saying you should be ashamed of yourself anyway,1,en
990,SOME JEWISH TEACHER COMMENTED THAT THE PLANTS NEED WATERING MORE THAN TWICE A WEEK ANYWAY!!,0,en
991,my engineer friend mentioned that she is a clown & it is embarrassing to watch anyway,1,en
992,I TALKED TO A TEACHER AND THE MEETING RAN TOO LONG TO BE USEFUL ANYWAY,0,en
993,that coworker keeps saying the notice should be printed in two languages smh,0,en
994,a coworker wrote that teh numbers here are worthless without a baseline tbh,0,en
995,that engineer keeps saying you should be ashamed of yourself honestly,1,en
996,some cashier commented that whoever typed this is pathetic honestly,1,en
997,"no vales nada aqui, mejor vete",1,es
998,the teacher says that the budget numbers do not add up yet honestly,0,en
999,the reply from the commenter was that this policy is stupid and will fail,0,en
1000,the reply from the muslim was that the plants need watering more than twice a week which seems fair,0,en
1001,the trans student says that the argument is pathetic on its face tbh,0,en
1002,teh author insists that the budget numbers do not add up yet and i mostly agree,0,en
1003,that autistic kid keeps saying you are worthless here so get lost,1,en
1004,our person argued that you contribute nothing so leave smh,1,en
1005,some reader commented that the plan is a mess and whoever wrote it is worse for the record,1,en
1006,my lesbian doctor friend mentioned that teh proposal needs another review before the vote anyway,0,en
1007,our teacher argued that the proposal is a complete mess and the numbers are terrible tbh,0,en
1008,THAT STUDENT KEEPS SAYING THE TOURIST MAPS ARE OUT OF DATE ANYWAY,0,en
1009,the gay man says that you should be ashamed of yourself,1,en
1010,our author argued that shut up already nobody cares what you think tbh,1,en
1011,My volunteer friend mentioned that the meeting ran too long to be useful which nobody expected,0,en
1012,i talked to a person & the design is horrible and nobody tested it which nobody expected?!,0,en
1013,MY DRIVER FRIEND MENTIONED THAT YOU ARE WORTHLESS HERE SO GET LOST,1,en
1014,eres un idiota y deberias dejar de publicar,1,es
1015,the reply from the volunteer was that the shop on the corner closes earlier now and i mostly agree,0,en
1016,some commenter commented that the tourist maps are out of date anyway,0,en
1017,teh wheelchair user insists that the budget numbers do not add up yet which nobody expected,0,en
1018,the coworker insists that you contribute nothing so leave anyway,1,en
1019,that volunteer keeps saying she is an embarrassment to this thread which nobody expected,1,en
1020,the reply from the driver was that the schedule leaves no room for questions which nobody expected...,0,en
1021,the autistic kid insists that the club reads too few translated books and i mostly agree,0,en
1022,that cashier keeps saying the meeting ran too long to be useful and i mostly agree,0,en
1023,that single mother keeps saying teh sign outside still has the old address which seems fair,0,en
1024,my muslim friend mentioned that the numbers are terrible and the author is careless just saying,0,en
1025,our muslim argued that the bakery downtown deserves the praise which seems fair,0,en
1026,this author thinks the budget numbers do not add up yet tbh,1,en
1027,my trans student friend mentioned that the sign outside still has the old address just saying,0,en
1028,I talked to a immigrant and the budget numbers do not add up yet tbh?!,0,en
1029,the person insists that you are dumb and proud of it honestly,1,en
1030,this catholic priest thinks you should be ashamed of yourself and i mostly agree,1,en
1031,the reply from the coworker was that shut up already nobody cares what you think for the record,1,en
1032,our coworker argued that this report is garbage and so are you anyway,1,en
1033,the author says that the club reads too few translated books smh,0,en
1034,our lesbian doctor argued that the plan is a mess and whoever wrote it is worse tbh,0,en
1035,a commenter wrote that the proposal needs another review before the vote which nobody expected,0,en
1036,Our autistic kid argued that the budget numbers do not add up yet which nobody expected,0,en
1037,some coworker commented that she is a clown and it is embarrassing to watch smh,1,en
1038,the autistic kid says that the notice should be printed in two languages honestly,0,en
1039,a Guatemalan reader wrote that the coffee at the clinic is surprisingly good which seems fair,0,en
1040,our elderly man argued that the cleanup should happen on saturday instead anyway,0,en
1041,the commenter says that she is an embarrassment to this thread honestly,1,en
1042,My lesbian doctor friend mentioned that teh schedule leaves no room for questions,1,en
1043,the teacher insists that he is a moron who cannot read,1,en
1044,THE VOLUNTEER INSISTS THAT THE PROPOSAL NEEDS ANOTHER REVIEW BEFORE THE VOTE TBH,0,en
1045,that neighbor keeps saying shut up already nobody cares what you think honestly,1,en
1046,this person thinks you are a total fool and everyone can see it honestly,1,en
1047,the indigenous neighbor insists that the notice should be printed in two languages,0,en
1048,the engineer insists that the cleanup should happen on saturday instead anyway,0,en
1049,the immigrant says that the streetlight has been broken for weeks which nobody expected,0,en
1050,our jewish teacher argued that the notice should be printed in two languages and i mostly agree,0,en
1051,i talked to a single mother and the bakery downtown deserves the praise and i mostly agree,0,en
1052,Some gay man commented that the streetlight has been broken for weeks which nobody expected,0,en
1053,the single mother says that the coffee at the clinic is surprisingly good which seems fair,0,en
1054,our woman argued that the plants need watering more than twice a week which seems fair,0,en
1055,my author friend mentioned that he is clueless beyond repair anyway,1,en
